NAME AND ADDRESS OF INSURER OR SELF-start:(165, 145)-end:(236,781)
REPORT OF SERVICES RENDERED-start:(239,129)-end:(264,1204)
WILL THE PATIENT REQUIRE REHABILITATION-start:(77,178)-end:(103,1492)
NEW YORK MOTOR VEHICLE-start:(72,491)-end:(88,1163)
VERIFICATION OF TREATMENT BY ATTENDING-start:(18,185)-end:(48,1462)
WILL THE PATIENT REQUIRE REHABILITATION-start:(41,76)-end:(65,1370)
NEW YORK MOTOR VEHICLE-start:(95,489)-end:(110,1104)
NEW YORK MOTOR VEHICLE-start:(55,456)-end:(72,1135)
NEW YORK MOTOR VEHICLE-start:(93,425)-end:(119,1168)
Report of services rendered-start:(126,616)-end:(152,949)
HEALTH INSURANCE CLAIM FORM-start:(86,42)-end:(112,538)
SERVICES RENDERED-start:(239,129)-end:(264,1204)
PATIENT REQUIRE REHABILITATION-start:(77,178)-end:(103,1492)
NEW YORK MOTOR VEHICLE-start:(167,39)-end:(280,50)
Description of Treatment-start:(196,144)-end:(316,158)
Treatment Code-start:(364,144)-end:(434,158)